,VaR,return,violation
2021-10-29,-0.044539495331413534,0.044349361997215286,1.0
2021-11-01,-0.04310621762621469,0.06012741820971579,0.0
2021-11-02,-0.04223990983307881,-0.03866914877527483,1.0
2021-11-03,-0.04223990983307881,0.01992694672841333,1.0
2021-11-04,-0.04223990983307881,-0.01442787435220394,1.0
2021-11-05,-0.04223990983307881,-0.007154739798297172,1.0
2021-11-08,-0.04223990983307881,-0.008319494504907432,1.0
2021-11-09,-0.04223990983307881,-0.006986195832786368,1.0
2021-11-10,-0.04024120108923726,0.0025206609839871774,1.0
2021-11-11,-0.04024120108923726,-0.0011195331715021517,1.0
2021-11-12,-0.04024120108923726,0.014180750189213054,1.0
2021-11-15,-0.04024120108923726,-0.0055371337013201405,1.0
2021-11-16,-0.04024120108923726,0.0074678939966599245,1.0
2021-11-17,-0.04024120108923726,-0.006357990594396679,1.0
2021-11-18,-0.04024120108923726,0.020585328839811012,1.0
2021-11-19,-0.04024120108923726,0.007847343786095529,1.0
2021-11-22,-0.04024120108923726,-0.01932293363301696,1.0
2021-11-23,-0.04024120108923726,-0.024761298370190143,1.0
2021-11-24,-0.04024120108923726,0.0019698808994101924,1.0
2021-11-26,-0.04024120108923726,0.021966708714844074,1.0
2021-11-29,-0.04024120108923726,-0.05454099988153294,1.0
2021-11-30,-0.04223990983307881,-0.008751491999981376,1.0
2021-12-01,-0.04223990983307881,-0.027024653282931688,1.0
2021-12-02,-0.04223990983307881,0.0077960910173460185,1.0
2021-12-03,-0.04024120108923726,-0.02663599038196507,1.0
2021-12-06,-0.04024120108923726,0.0009199017728169778,1.0
2021-12-07,-0.04024120108923726,0.02242511741565778,1.0
2021-12-08,-0.04024120108923726,0.02134682987080838,1.0
2021-12-09,-0.04024120108923726,-0.07711361157014673,1.0
2021-12-10,-0.04223990983307881,0.006002246283005164,1.0
2021-12-13,-0.04223990983307881,0.0,1.0
2021-12-14,-0.04223990983307881,-0.0031545888012716183,1.0
2021-12-15,-0.04223990983307881,0.013806323339334625,1.0
2021-12-16,-0.04223990983307881,-0.012858883297464985,1.0
2021-12-17,-0.04223990983307881,0.005037789189216824,1.0
2021-12-20,-0.04223990983307881,0.004074575825426585,1.0
2021-12-21,-0.04223990983307881,0.028978616724785855,1.0
2021-12-22,-0.04223990983307881,0.0018215357895732254,1.0
2021-12-23,-0.04223990983307881,0.019523002101934583,1.0
2021-12-27,-0.04223990983307881,0.0032665392919124514,1.0
2021-12-28,-0.04223990983307881,-0.014633615019511215,1.0
2021-12-29,-0.04223990983307881,-0.010281316332013901,1.0
2021-12-30,-0.04223990983307881,0.006362665842586601,1.0
2021-12-31,-0.04223990983307881,0.006622577263571294,1.0
2022-01-03,-0.04223990983307881,-0.0027039267741439943,1.0
2022-01-04,-0.04223990983307881,-0.0012041215800904226,1.0
2022-01-05,-0.04223990983307881,-0.05383303037372977,1.0
2022-01-06,-0.04310621762621469,0.015455336173895606,1.0
2022-01-07,-0.04310621762621469,-0.012598639897406727,1.0
2022-01-10,-0.04310621762621469,0.00031691425038982146,1.0
2022-01-11,-0.04310621762621469,0.0072613246662398545,1.0
2022-01-12,-0.04310621762621469,-0.016492617613117044,1.0
2022-01-13,-0.04310621762621469,-0.03581113040904693,1.0
2022-01-14,-0.04310621762621469,0.002648128777078984,1.0
2022-01-18,-0.04310621762621469,-0.02408946546854729,1.0
2022-01-19,-0.04310621762621469,-0.023990210004331214,1.0
2022-01-20,-0.04310621762621469,-0.03602085996189652,1.0
2022-01-21,-0.04310621762621469,-0.034757435223545574,1.0
2022-01-24,-0.04310621762621469,0.02572721294892988,1.0
2022-01-25,-0.04310621762621469,-0.0205285607631307,1.0
2022-01-26,-0.04310621762621469,0.2234397540058075,0.0
2022-01-27,-0.04223990983307881,0.0056122564670118,1.0
2022-01-28,-0.04223990983307881,0.014329763207496349,1.0
2022-01-31,-0.04223990983307881,0.01812741576553778,1.0
2022-02-01,-0.04223990983307881,0.027838200408488056,1.0
2022-02-02,-0.04223990983307881,0.004427230299056895,1.0
2022-02-03,-0.04223990983307881,-0.027713506798157095,1.0
2022-02-04,-0.04223990983307881,-0.006835625010074953,1.0
2022-02-07,-0.04223990983307881,-0.00487042877383459,1.0
2022-02-08,-0.04223990983307881,0.0338824268807465,1.0
2022-02-09,-0.04223990983307881,-0.014260052768852116,1.0
2022-02-10,-0.04223990983307881,-0.03001509515559997,1.0
2022-02-11,-0.04223990983307881,-0.018155665284834477,1.0
2022-02-14,-0.04223990983307881,0.0,1.0
2022-02-15,-0.04223990983307881,0.011458899921801269,1.0
2022-02-16,-0.04031851256045798,0.004081620615856263,1.0
2022-02-17,-0.04031851256045798,-0.02087387555532949,1.0
2022-02-18,-0.04031851256045798,0.00975622885976879,1.0
2022-02-22,-0.04031851256045798,-0.026231043096007767,1.0
2022-02-23,-0.04031851256045798,-0.007579238809785949,1.0
2022-02-24,-0.04031851256045798,0.01570081904892362,1.0
2022-02-25,-0.04031851256045798,0.03935897471830119,1.0
2022-02-28,-0.03804804415049804,-0.03338521877312317,1.0
2022-03-01,-0.03804804415049804,0.0011903900327103756,1.0
2022-03-02,-0.03670441341673574,0.007998871398940288,1.0
2022-03-03,-0.03670441341673574,-0.025400991246733895,1.0
2022-03-04,-0.03670441341673574,-0.01986926202303163,1.0
2022-03-07,-0.03670441341673574,-0.030086853820237458,1.0
2022-03-08,-0.03590550870782924,0.013588463120028482,1.0
2022-03-09,-0.03590550870782924,0.01680714625410884,1.0
2022-03-10,-0.03590550870782924,0.01074449218795026,1.0
2022-03-11,-0.03590550870782924,-0.01414534895779962,1.0
2022-03-14,-0.03590550870782924,-0.008709311577391965,1.0
2022-03-15,-0.03590550870782924,0.01611440141373288,1.0
2022-03-16,-0.03590550870782924,0.04036693233414601,0.0
2022-03-17,-0.03590550870782924,0.0169793843120023,1.0
2022-03-18,-0.03590550870782924,0.0017400688668467446,1.0
2022-03-21,-0.03590550870782924,-0.004647114225950766,1.0
2022-03-22,-0.03590550870782924,0.019888317949407597,1.0
2022-03-23,-0.03590550870782924,-0.015820816582188257,1.0
2022-03-24,-0.03590550870782924,0.037836912498796504,0.0
2022-03-25,-0.03590550870782924,0.023725267595352317,1.0
2022-03-28,-0.03590550870782924,-0.02708094555176821,1.0
2022-03-29,-0.035231598057021175,0.01776835701047519,1.0
2022-03-30,-0.035231598057021175,-0.015809501098576373,1.0
2022-03-31,-0.035231598057021175,0.015534330565388554,1.0
2022-04-01,-0.035231598057021175,0.013125688064747898,1.0
2022-04-04,-0.035231598057021175,-0.002175737329842775,1.0
2022-04-05,-0.035231598057021175,-0.019241956488824208,1.0
2022-04-06,-0.035231598057021175,-0.007801621739798037,1.0
2022-04-07,-0.035231598057021175,-0.0240633962101775,1.0
2022-04-08,-0.03411135213651134,-0.012687668397883822,1.0
2022-04-11,-0.03411135213651134,-0.0294485363351229,1.0
2022-04-12,-0.03411135213651134,0.02216730403070022,1.0
2022-04-13,-0.03411135213651134,0.02539822171606332,1.0
2022-04-14,-0.03411135213651134,-0.01579809471877125,1.0
2022-04-18,-0.03411135213651134,0.009221958375700723,1.0
2022-04-19,-0.03347410274096707,0.0156542042141119,1.0
2022-04-20,-0.03347410274096707,0.13677376720982481,0.0
2022-04-21,-0.03347410274096707,-0.08719051127026711,1.0
2022-04-22,-0.03411135213651134,-0.009721940526690176,1.0
2022-04-25,-0.03411135213651134,0.006761351257072334,1.0
2022-04-26,-0.03411135213651134,-0.0054053360863646205,1.0
2022-04-27,-0.03411135213651134,0.020386926779070613,1.0
2022-04-28,-0.03411135213651134,0.03393693609788917,1.0
2022-04-29,-0.03411135213651134,0.008689044186825257,1.0
2022-05-02,-0.03411135213651134,-0.013061994407973287,1.0
2022-05-03,-0.03411135213651134,-0.017685774152733202,1.0
2022-05-04,-0.03411135213651134,0.012775506038951612,1.0
2022-05-05,-0.03411135213651134,-0.025982248229559524,1.0
2022-05-06,-0.03411135213651134,-0.002662469364070219,1.0
2022-05-09,-0.03411135213651134,-0.024286075542751195,1.0
2022-05-10,-0.03411135213651134,-0.014305620921181816,1.0
2022-05-11,-0.03411135213651134,-0.013670227886463326,1.0
2022-05-12,-0.03411135213651134,0.01533139581820775,1.0
2022-05-13,-0.03411135213651134,0.011824702204463744,1.0
2022-05-16,-0.03411135213651134,0.014654186124455126,1.0
2022-05-17,-0.03411135213651134,0.029464656591039695,1.0
2022-05-18,-0.03411135213651134,-0.027043017980187933,1.0
2022-05-19,-0.03347410274096707,-0.025035271301127704,1.0
2022-05-20,-0.03347410274096707,0.01802342158903114,1.0
2022-05-23,-0.03347410274096707,-0.001625172978690692,1.0
2022-05-24,-0.03347410274096707,0.009711449762160651,1.0
2022-05-25,-0.03347410274096707,0.06294324354350556,0.0
2022-05-26,-0.03347410274096707,-0.017289942325920737,1.0
2022-05-27,-0.03347410274096707,0.012995425863922883,1.0
2022-05-31,-0.03347410274096707,-0.009922467533630464,1.0
2022-06-01,-0.03347410274096707,0.004082675873301689,1.0
2022-06-02,-0.03347410274096707,0.013154767201070339,1.0
2022-06-03,-0.03347410274096707,0.0015067194978435339,1.0
2022-06-06,-0.03347410274096707,0.007250961216961116,1.0
2022-06-07,-0.03347410274096707,0.007693334203175084,1.0
2022-06-08,-0.03347410274096707,-0.07625921720912121,1.0
2022-06-09,-0.03411135213651134,-0.025673637765941226,1.0
2022-06-10,-0.03411135213651134,-0.028601110909364902,1.0
2022-06-13,-0.03411135213651134,-0.05114506097922167,1.0
2022-06-14,-0.035231598057021175,0.02546600246098274,1.0
2022-06-15,-0.035231598057021175,-0.0005781047567245956,1.0
2022-06-16,-0.035231598057021175,-0.023406657963612965,1.0
2022-06-17,-0.035231598057021175,0.04060887274131364,0.0
2022-06-21,-0.035231598057021175,-0.0017070096304956373,1.0
2022-06-22,-0.035231598057021175,0.0034111103439573576,1.0
2022-06-23,-0.035231598057021175,-0.02122252466025465,1.0
2022-06-24,-0.035231598057021175,0.06968832718327844,0.0
2022-06-27,-0.035231598057021175,0.016622337490090455,1.0
2022-06-28,-0.035231598057021175,0.004245160133450998,1.0
2022-06-29,-0.035231598057021175,0.08958948580808768,0.0
2022-06-30,-0.035231598057021175,-0.012667658877858035,1.0
2022-07-01,-0.035231598057021175,0.012909661091406566,1.0
2022-07-05,-0.035231598057021175,-0.025491599320849545,1.0
2022-07-06,-0.035231598057021175,0.022583237328507533,1.0
2022-07-07,-0.03411135213651134,0.0033922830712409535,1.0
2022-07-08,-0.03411135213651134,0.008190846822317965,1.0
2022-07-11,-0.03411135213651134,-0.019135885317107082,1.0
2022-07-12,-0.03411135213651134,-0.00024454742636814686,1.0
2022-07-13,-0.03411135213651134,-0.008845281345801759,1.0
2022-07-14,-0.03411135213651134,-0.005444240656573118,1.0
2022-07-15,-0.03411135213651134,0.03558745336007485,0.0
2022-07-18,-0.03411135213651134,0.005016203049422074,1.0
2022-07-19,-0.03411135213651134,0.027959030423899023,1.0
2022-07-20,-0.03411135213651134,0.02313164729918782,1.0
2022-07-21,-0.03347410274096707,-0.011384458585601553,1.0
2022-07-22,-0.03347410274096707,-0.03518942495426991,1.0
2022-07-25,-0.03411135213651134,0.019960707156758684,1.0
2022-07-26,-0.03411135213651134,-0.004894523008545537,1.0
2022-07-27,-0.03411135213651134,0.011614532626532448,1.0
2022-07-28,-0.034002716175813234,0.017853588995416114,1.0
2022-07-29,-0.034002716175813234,0.013519774647243299,1.0
2022-08-01,-0.034002716175813234,-0.00876704242495041,1.0
2022-08-02,-0.034002716175813234,-0.0022604505406196296,1.0
2022-08-03,-0.034002716175813234,-0.003400155422664586,1.0
2022-08-04,-0.034002716175813234,-0.007063977686145861,1.0
2022-08-05,-0.034002716175813234,-0.0061934011945674605,1.0
2022-08-08,-0.034002716175813234,-0.01623790685866222,1.0
2022-08-09,-0.034002716175813234,-0.0018726133197688455,1.0
2022-08-10,-0.034002716175813234,-0.1342010657820043,1.0
2022-08-11,-0.03495183060237152,-0.027160822471195445,1.0
2022-08-12,-0.03495183060237152,-0.009961361186860085,1.0
2022-08-15,-0.03495183060237152,-0.0008345745247679837,1.0
2022-08-16,-0.03495183060237152,-0.0047427062507261475,1.0
2022-08-17,-0.03495183060237152,-0.01720524170115345,1.0
2022-08-18,-0.03495183060237152,0.01720524170115345,1.0
2022-08-19,-0.03495183060237152,0.017464091483238686,1.0
2022-08-22,-0.03495183060237152,-0.007724142659630839,1.0
2022-08-23,-0.03495183060237152,-0.006947366994542126,1.0
2022-08-24,-0.03495183060237152,-0.009526554185927072,1.0
2022-08-25,-0.03495183060237152,0.06274212414968705,0.0
2022-08-26,-0.03495183060237152,0.00026443188597546907,1.0
2022-08-29,-0.03495183060237152,0.007898914834812754,1.0
2022-08-30,-0.03495183060237152,-0.0018375039316675945,1.0
2022-08-31,-0.03495183060237152,0.002099686219080077,1.0
2022-09-01,-0.03495183060237152,-0.002625322424667953,1.0
2022-09-02,-0.03495183060237152,0.000525636205587876,1.0
2022-09-06,-0.03495183060237152,0.018482865539731996,1.0
2022-09-07,-0.03495183060237152,-0.009068653808483873,1.0
2022-09-08,-0.03495183060237152,0.01882235173049107,1.0
2022-09-09,-0.03495183060237152,0.001531331542900194,1.0
2022-09-12,-0.03495183060237152,0.011411326289342494,1.0
2022-09-13,-0.03495183060237152,-0.0022718715592184857,1.0
2022-09-14,-0.03495183060237152,0.009807683184226423,1.0
2022-09-15,-0.03495183060237152,-0.0037607593609005896,1.0
2022-09-16,-0.03495183060237152,0.007507523490546841,1.0
2022-09-19,-0.03495183060237152,0.005717841309707428,1.0
2022-09-20,-0.03495183060237152,0.020366254997740807,1.0
2022-09-21,-0.034002716175813234,-0.0029189739935291392,1.0
2022-09-22,-0.034002716175813234,-0.007825906891482326,1.0
2022-09-23,-0.034002716175813234,0.006850988054394325,1.0
2022-09-26,-0.034002716175813234,-0.0058693704166192795,1.0
2022-09-27,-0.034002716175813234,0.021834873433448365,1.0
2022-09-28,-0.034002716175813234,0.019722674437807175,1.0
2022-09-29,-0.034002716175813234,-0.0030635365011373317,1.0
2022-09-30,-0.034002716175813234,-0.008056919455823763,1.0
2022-10-03,-0.034002716175813234,-0.019217484357285652,1.0
2022-10-04,-0.034002716175813234,0.059096918006222854,0.0
2022-10-05,-0.034002716175813234,0.001142448098183646,1.0
2022-10-06,-0.034002716175813234,0.021909344223934646,1.0
2022-10-07,-0.034002716175813234,-0.02145271277213956,1.0
2022-10-10,-0.034002716175813234,0.010896805433977974,1.0
2022-10-11,-0.034002716175813234,-0.0006776419062841654,1.0
2022-10-12,-0.033287745927554346,0.020130439202612926,1.0
2022-10-13,-0.033287745927554346,0.0011065451533314175,1.0
2022-10-14,-0.033287745927554346,-0.01425730094461164,1.0
2022-10-17,-0.033287745927554346,0.02109081976304239,1.0
2022-10-18,-0.033287745927554346,0.013528439642960244,1.0
2022-10-19,-0.03157111804903599,0.00734186317768426,1.0
2022-10-20,-0.03157111804903599,-0.0010762940903945584,1.0
2022-10-21,-0.03157111804903599,0.0027960243136191387,1.0
2022-10-24,-0.03157111804903599,-0.004952093967698801,1.0
2022-10-25,-0.03157111804903599,0.0038775681971405795,1.0
2022-10-26,-0.03157111804903599,-0.34741117596428195,1.0
2022-10-27,-0.034002716175813234,-0.010400832427440498,1.0
2022-10-28,-0.034002716175813234,0.019489026909545792,1.0
2022-10-31,-0.034002716175813234,0.010499525995153913,1.0
2022-11-01,-0.034002716175813234,0.012160905281452639,1.0
2022-11-02,-0.034002716175813234,-0.005913587607321524,1.0
2022-11-03,-0.03157111804903599,0.011499444989365504,1.0
2022-11-04,-0.03157111804903599,-0.0029360646572320626,1.0
2022-11-07,-0.03157111804903599,0.013144654865007599,1.0
2022-11-08,-0.03157111804903599,-0.013438679915793728,1.0
2022-11-09,-0.03157111804903599,-0.02020271647645666,1.0
2022-11-10,-0.03157111804903599,0.029570457587988486,1.0
2022-11-11,-0.03157111804903599,-0.009367741111531824,1.0
2022-11-14,-0.03157111804903599,0.030415067097263382,1.0
2022-11-15,-0.03157111804903599,0.020892958645044146,1.0
2022-11-16,-0.03157111804903599,-0.01918254279414766,1.0
2022-11-17,-0.03157111804903599,0.0019917404197857813,1.0
2022-11-18,-0.03157111804903599,0.013271441677848994,1.0
2022-11-21,-0.03157111804903599,0.006709498491386245,1.0
2022-11-22,-0.03157111804903599,-0.006429079997313014,1.0
2022-11-23,-0.03157111804903599,0.0,1.0
2022-11-25,-0.03157111804903599,0.000840890867725097,1.0
2022-11-28,-0.03157111804903599,0.00781479262047835,1.0
2022-11-29,-0.03157111804903599,-0.004737419548736188,1.0
2022-11-30,-0.030047386554686837,-0.010953610280859394,1.0
2022-12-01,-0.030047386554686837,-0.024297278142353385,1.0
2022-12-02,-0.030047386554686837,-0.004349768297300383,1.0
2022-12-05,-0.030047386554686837,-0.03519507444380521,1.0
2022-12-06,-0.03157111804903599,0.005403804736472395,1.0
2022-12-07,-0.03157111804903599,-0.010534402454356773,1.0
2022-12-08,-0.03157111804903599,-0.0033338601544810054,1.0
2022-12-09,-0.03157111804903599,-0.016220670613406707,1.0
2022-12-12,-0.030047386554686837,0.004617570866174869,1.0
2022-12-13,-0.030047386554686837,-0.00801737670338687,1.0
2022-12-14,-0.030047386554686837,0.0018559044433934524,1.0
2022-12-15,-0.030047386554686837,0.01746099460409445,1.0
2022-12-16,-0.030047386554686837,-0.008539203198820289,1.0
2022-12-19,-0.030047386554686837,-0.03681021319959665,1.0
2022-12-20,-0.03157111804903599,0.009802493457519379,1.0
2022-12-21,-0.03157111804903599,0.02240290662090727,1.0
2022-12-22,-0.03157111804903599,-0.011449882964376101,1.0
2022-12-23,-0.03157111804903599,0.0037278368704658504,1.0
2022-12-27,-0.03157111804903599,-0.007782140442055052,1.0
2022-12-28,-0.03157111804903599,-0.007843177461025697,1.0
2022-12-29,-0.03157111804903599,-0.012359510393752604,1.0
2022-12-30,-0.03157111804903599,-0.002554277316255238,1.0
2023-01-03,-0.03157111804903599,0.05685643236451687,0.0
2023-01-04,-0.03157111804903599,-0.02507775686974867,1.0
2023-01-05,-0.03157111804903599,0.019018945195266923,1.0
2023-01-06,-0.03157111804903599,-0.019018945195266923,1.0
2023-01-09,-0.030047386554686837,0.013228935918637053,1.0
2023-01-10,-0.030047386554686837,0.00457380613888958,1.0
2023-01-11,-0.030047386554686837,0.004855847264303659,1.0
2023-01-12,-0.030047386554686837,0.0003027739171508337,1.0
2023-01-13,-0.030047386554686837,0.0006051575697880729,1.0
2023-01-17,-0.030047386554686837,-0.031026974370214955,1.0
2023-01-18,-0.030047386554686837,-0.00877469687191379,1.0
2023-01-19,-0.030047386554686837,0.002514931305142021,1.0
2023-01-20,-0.030047386554686837,0.007195446080833001,1.0
2023-01-23,-0.030047386554686837,0.014237289850258517,1.0
2023-01-24,-0.029703487804337573,-0.01673422712660866,1.0
2023-01-25,-0.028982452350955992,0.24441570152737935,0.0
2023-01-26,-0.028982452350955992,-0.018525909328201973,1.0
2023-01-27,-0.028982452350955992,0.021946371705404033,1.0
2023-01-30,-0.028982452350955992,0.01572933854429115,1.0
2023-01-31,-0.028982452350955992,0.03026948409655361,0.0
2023-02-01,-0.028982452350955992,0.007426344032735788,1.0
2023-02-02,-0.028982452350955992,-0.016317396288927366,1.0
2023-02-03,-0.028982452350955992,0.0070257723450510845,1.0
2023-02-06,-0.028982452350955992,-0.02648532580020513,1.0
2023-02-07,-0.028982452350955992,0.0016760376447635394,1.0
2023-02-08,-0.028982452350955992,-0.02568586928043226,1.0
2023-02-09,-0.028982452350955992,0.0158288390161494,1.0
2023-02-10,-0.028982452350955992,0.005060839573147735,1.0
2023-02-13,-0.028982452350955992,0.025161578878931223,1.0
2023-02-14,-0.027808952268371684,0.004677294819651401,1.0
2023-02-15,-0.027808952268371684,0.012520471978840764,1.0
2023-02-16,-0.027808952268371684,0.009630850938158186,1.0
2023-02-17,-0.027808952268371684,0.0015961625907330301,1.0
2023-02-21,-0.027808952268371684,-0.012841211783574114,1.0
2023-02-22,-0.027808952268371684,0.00046139001732203866,1.0
2023-02-23,-0.027808952268371684,-0.002309434649609532,1.0
2023-02-24,-0.027808952268371684,0.002770699841411872,1.0
2023-02-27,-0.027808952268371684,-0.01252909884033615,1.0
2023-02-28,-0.027808952268371684,-0.008440861311069359,1.0
2023-03-01,-0.027808952268371684,-0.006140834963308528,1.0
2023-03-02,-0.027116890165510464,0.0056697926254307696,1.0
2023-03-03,-0.027116890165510464,0.007276116173627223,1.0
2023-03-06,-0.027116890165510464,0.002802494768305852,1.0
2023-03-07,-0.027116890165510464,0.027600664712061018,0.0
2023-03-08,-0.027116890165510464,-0.005915879180994121,1.0
2023-03-09,-0.02706008538739906,-0.016103425373036995,1.0
2023-03-10,-0.02706008538739906,-0.0728599713694309,1.0
2023-03-13,-0.027116890165510464,-0.01330838899190745,1.0
2023-03-14,-0.027116890165510464,0.01952499483996961,1.0
2023-03-15,-0.027116890165510464,-0.02078977436738816,1.0
2023-03-16,-0.027116890165510464,0.0015174857438080558,1.0
2023-03-17,-0.027116890165510464,-0.023265777851765534,1.0
2023-03-20,-0.027116890165510464,0.0005172086415843324,1.0
2023-03-21,-0.027116890165510464,0.00618553179632686,1.0
2023-03-22,-0.027116890165510464,-0.023132920429434822,1.0
2023-03-23,-0.027116890165510464,0.0026261120401933624,1.0
2023-03-24,-0.027116890165510464,0.0143212765929146,1.0
2023-03-27,-0.027116890165510464,0.02173716795332048,1.0
2023-03-28,-0.027116890165510464,-0.0002529619654145776,1.0
2023-03-29,-0.027116890165510464,-0.0191601209727561,1.0
2023-03-30,-0.027096030001141313,0.00668378642650147,1.0
2023-03-31,-0.027096030001141313,0.005620894311916036,1.0
2023-04-03,-0.027096030001141313,-0.0035732398549717104,1.0
2023-04-04,-0.027096030001141313,-0.017019488579414155,1.0
2023-04-05,-0.027096030001141313,-0.0170496333520731,1.0
2023-04-06,-0.027096030001141313,0.0023781264800377677,1.0
2023-04-10,-0.027096030001141313,0.008933326812386788,1.0
2023-04-11,-0.027096030001141313,0.010149713608936128,1.0
2023-04-12,-0.027096030001141313,-0.021461166901360684,1.0
2023-04-13,-0.027096030001141313,0.02068409706164731,1.0
2023-04-14,-0.026736287281197386,-0.0072821849442457065,1.0
2023-04-17,-0.026736287281197386,-0.0007834598634035572,1.0
2023-04-18,-0.026736287281197386,-0.005763636745688583,1.0
2023-04-19,-0.026736287281197386,0.006024891449285974,1.0
2023-04-20,-0.026736287281197386,-0.007339550556955565,1.0
2023-04-21,-0.026736287281197386,-0.005540156400639873,1.0
2023-04-24,-0.026736287281197386,0.007905159641381054,1.0
2023-04-25,-0.02620863313635004,-0.008169700495233023,1.0
2023-04-26,-0.02620863313635004,0.12309074757446181,0.0
2023-04-27,-0.02620863313635004,-0.005160724922977256,1.0
2023-04-28,-0.02620863313635004,0.01029486464986018,1.0
2023-05-01,-0.02620863313635004,-0.003030594510486928,1.0
2023-05-02,-0.02620863313635004,-0.036618472307864636,1.0
2023-05-03,-0.026736287281197386,0.00048427258112226923,1.0
2023-05-04,-0.026736287281197386,-0.0143852324319802,1.0
2023-05-05,-0.026736287281197386,0.011233306790178421,1.0
2023-05-08,-0.026736287281197386,0.0019407579524424179,1.0
2023-05-09,-0.026736287281197386,0.00024238789355113255,1.0
2023-05-10,-0.026736287281197386,0.00628017339296294,1.0
2023-05-11,-0.026736287281197386,0.01386922841867877,1.0
2023-05-12,-0.026736287281197386,-0.004999393322806078,1.0
2023-05-15,-0.026736287281197386,0.009264809787937978,1.0
2023-05-16,-0.026736287281197386,-0.009026214837053903,1.0
2023-05-17,-0.026736287281197386,-0.006463229207184007,1.0
2023-05-18,-0.026736287281197386,0.0007201724036147716,1.0
2023-05-19,-0.026736287281197386,0.0019180498043005478,1.0
2023-05-22,-0.026045624714330043,-0.0009585650378394206,1.0
2023-05-23,-0.026045624714330043,-0.006977074498605962,1.0
2023-05-24,-0.026045624714330043,-0.005811102749999186,1.0
2023-05-25,-0.026045624714330043,-0.022097671465499236,1.0
2023-05-26,-0.026045624714330043,-0.003980101074198217,1.0
2023-05-30,-0.026045624714330043,-0.0004986402100430887,1.0
2023-05-31,-0.026045624714330043,0.007700979053709478,1.0
2023-06-01,-0.026045624714330043,0.0132745536156893,1.0
2023-06-02,-0.026045624714330043,0.022695291458524558,1.0
2023-06-05,-0.026045624714330043,-0.008631092139226304,1.0
2023-06-06,-0.026045624714330043,0.012681174675937879,1.0
2023-06-07,-0.026045624714330043,-0.006440104557681625,1.0
2023-06-08,-0.026045624714330043,-0.005518899093030605,1.0
2023-06-09,-0.026045624714330043,-0.007244732311739721,1.0
2023-06-12,-0.02567914194746219,-0.0053462437921774075,1.0
2023-06-13,-0.025579020802661764,-0.00831911197669477,1.0
2023-06-14,-0.025263985972744058,-0.015101180733441133,1.0
2023-06-15,-0.024648493569681254,-0.030646923396211445,1.0
2023-06-16,-0.025263985972744058,0.023386886056721234,1.0
2023-06-20,-0.025263985972744058,-0.01621107935527366,1.0
2023-06-21,-0.025263985972744058,-0.020379937344173538,1.0
2023-06-22,-0.025263985972744058,0.0010419619635930744,1.0
2023-06-23,-0.025263985972744058,-0.022910782838793775,1.0
2023-06-26,-0.025263985972744058,-0.007755110720842673,1.0
2023-06-27,-0.025263985972744058,0.00026837530045487057,1.0
2023-06-28,-0.025263985972744058,0.0026803095716516623,1.0
2023-06-29,-0.025263985972744058,-0.001875410955394674,1.0
2023-06-30,-0.025263985972744058,-0.0016103431532141776,1.0
2023-07-03,-0.025263985972744058,0.0,1.0
2023-07-05,-0.025263985972744058,-0.017339892387743028,1.0
2023-07-06,-0.025263985972744058,-0.021268595088460795,1.0
2023-07-07,-0.024648493569681254,0.025359737359113677,0.0
2023-07-10,-0.024648493569681254,0.0032608433283436433,1.0
2023-07-11,-0.024648493569681254,-0.007078770083680297,1.0
2023-07-12,-0.024648493569681254,0.010869713927585067,1.0
2023-07-13,-0.024648493569681254,0.0002701884021290013,1.0
2023-07-14,-0.024648493569681254,0.007805205149275629,1.0
2023-07-17,-0.024648493569681254,0.0018749087196052727,1.0
2023-07-18,-0.024648493569681254,0.01724413418512416,1.0
2023-07-19,-0.024648493569681254,0.02056563166543457,1.0
2023-07-20,-0.024648493569681254,-0.028752693773632654,1.0
2023-07-21,-0.025351407454556277,0.0076608727342253324,1.0
2023-07-24,-0.025351407454556277,0.002365624770110042,1.0
2023-07-25,-0.025351407454556277,-0.008966308801462208,1.0
2023-07-26,-0.024648493569681254,0.004493153404479422,1.0
2023-07-27,-0.024648493569681254,-0.005023107255911707,1.0
2023-07-28,-0.024648493569681254,0.02383247170486813,1.0
2023-07-31,-0.024648493569681254,-0.011190756050073247,1.0
2023-08-01,-0.024648493569681254,0.016868222157319757,1.0
2023-08-02,-0.024648493569681254,-0.007490695347837306,1.0
2023-08-03,-0.024648493569681254,0.014414699211023674,1.0
2023-08-04,-0.024648493569681254,0.0035714167278451114,1.0
2023-08-07,-0.024648493569681254,0.007357661221894407,1.0
2023-08-08,-0.024648493569681254,-0.005830908468741569,1.0
2023-08-09,-0.024648493569681254,-0.002290955528355454,1.0
2023-08-10,-0.024648493569681254,-0.0020408637057593992,1.0
2023-08-11,-0.024648493569681254,0.010920751206456636,1.0
2023-08-14,-0.023729952982530056,-0.01809655790790421,1.0
2023-08-15,-0.02319270626948364,-0.015291217664783918,1.0
2023-08-16,-0.02319270626948364,0.0451895751189717,0.0
2023-08-17,-0.02319270626948364,0.020751735837782448,1.0
2023-08-18,-0.02319270626948364,-0.004901989162317655,1.0
2023-08-21,-0.02319270626948364,-0.0009833067465661038,1.0
2023-08-22,-0.02319270626948364,0.0,1.0
2023-08-23,-0.02319270626948364,0.018760459007943986,1.0
2023-08-24,-0.02319270626948364,-0.0036271718533580355,1.0
2023-08-25,-0.02319270626948364,-0.003883496430665989,1.0
2023-08-28,-0.02319270626948364,0.0019436797020842,1.0
2023-08-29,-0.02319270626948364,0.006049625114134649,1.0
2023-08-30,-0.02319270626948364,0.010320511518957076,1.0
2023-08-31,-0.02319270626948364,0.014460382122830406,1.0
2023-09-01,-0.02319270626948364,0.036964209201323595,0.0
2023-09-05,-0.02319270626948364,-0.024567868350372724,1.0
2023-09-06,-0.023729952982530056,0.004175378430398613,1.0
2023-09-07,-0.023729952982530056,0.004388472832918211,1.0
2023-09-08,-0.023729952982530056,0.016457542210263743,1.0
2023-09-11,-0.023729952982530056,0.0038465523187327655,1.0
2023-09-12,-0.023729952982530056,-0.0027136817591166817,1.0
2023-09-13,-0.023729952982530056,0.006545580610407775,1.0
2023-09-14,-0.023729952982530056,0.0029203899072727246,1.0
2023-09-15,-0.023729952982530056,-0.004271163934988387,1.0
2023-09-18,-0.023729952982530056,0.00763020211463683,1.0
2023-09-19,-0.023729952982530056,-0.0031347851494212264,1.0
2023-09-20,-0.023729952982530056,0.008708314292714459,1.0
2023-09-21,-0.023729952982530056,-0.012753270485999835,1.0
2023-09-22,-0.023729952982530056,0.01341998414574519,1.0
2023-09-25,-0.023729952982530056,-0.0015564138150052642,1.0
2023-09-26,-0.023729952982530056,0.0035539764765366577,1.0
2023-09-27,-0.023729952982530056,0.007510531515424912,1.0
2023-09-28,-0.023729952982530056,-0.0011009411692763926,1.0
2023-09-29,-0.023729952982530056,-0.007962895816729265,1.0
2023-10-02,-0.023729952982530056,-0.006014061260350534,1.0
2023-10-03,-0.023729952982530056,0.0031229827876821936,1.0
2023-10-04,-0.023729952982530056,0.012175008677686616,1.0
2023-10-05,-0.023729952982530056,0.0046098003499865925,1.0
2023-10-06,-0.023729952982530056,-0.012340425084424123,1.0
2023-10-09,-0.023729952982530056,0.0024360683805673133,1.0
2023-10-10,-0.023729952982530056,0.005954377761206775,1.0
2023-10-11,-0.023729952982530056,0.010063508550637312,1.0
2023-10-12,-0.023729952982530056,-0.006551655747105478,1.0
2023-10-13,-0.023729952982530056,-0.007036082194696647,1.0
2023-10-16,-0.023729952982530056,0.010317317237042989,1.0
2023-10-17,-0.023729952982530056,0.0069641127924238155,1.0
2023-10-18,-0.023729952982530056,-0.008275331795648544,1.0
2023-10-19,-0.023729952982530056,-0.013207290153393725,1.0
2023-10-20,-0.023729952982530056,-0.011813412692944336,1.0
2023-10-23,-0.023729952982530056,-0.017871691641160314,1.0
2023-10-24,-0.023729952982530056,0.015627055999868578,1.0
2023-10-25,-0.023729952982530056,0.1657048689783882,0.0
2023-10-26,-0.023729952982530056,0.013615966902751353,1.0
2023-10-27,-0.023729952982530056,0.022289127504159012,1.0
2023-10-30,-0.02319270626948364,0.014588206368586931,1.0
2023-10-31,-0.02319270626948364,-0.0047178845149842275,1.0
2023-11-01,-0.02319270626948364,0.007249062618741142,1.0
2023-11-02,-0.02319270626948364,-0.006158326770894895,1.0
2023-11-03,-0.02319270626948364,0.014967334094247775,1.0
2023-11-06,-0.02319270626948364,0.006778496731339345,1.0
2023-11-07,-0.02319270626948364,-0.0024919804438807702,1.0
2023-11-08,-0.02319270626948364,0.009224838346361786,1.0
2023-11-09,-0.02319270626948364,0.002997413308063024,1.0
2023-11-10,-0.02319270626948364,-0.014184621559923727,1.0
2023-11-13,-0.02319270626948364,0.01312776822727546,1.0
2023-11-14,-0.02319270626948364,0.02127364269420884,1.0
2023-11-15,-0.02319270626948364,-0.01652644005476489,1.0
2023-11-16,-0.02319270626948364,0.0014023110470589017,1.0
2023-11-17,-0.02319270626948364,0.0008754134720128093,1.0
2023-11-20,-0.02319270626948364,0.01304026142667336,1.0
2023-11-21,-0.02319270626948364,0.003620990047275008,1.0
2023-11-22,-0.02319270626948364,0.011976204334531282,1.0
2023-11-24,-0.02319270626948364,-0.011632021605095133,1.0
2023-11-27,-0.02319270626948364,-0.010203290667672782,1.0
2023-11-28,-0.02319270626948364,0.0036436736475300435,1.0
2023-11-29,-0.02319270626948364,0.03538984479605212,0.0
2023-11-30,-0.02319270626948364,0.012624787724255349,1.0
2023-12-01,-0.02319270626948364,0.008383353334941113,1.0
2023-12-04,-0.02319270626948364,0.002125764297448818,1.0
2023-12-05,-0.023010744754582244,-0.015141862376135684,1.0
2023-12-06,-0.023010744754582244,0.006446826139057116,1.0
2023-12-07,-0.022463571583481768,-0.008605058418897471,1.0
2023-12-08,-0.022463571583481768,0.001328713569860085,1.0
2023-12-11,-0.022463571583481768,0.010073582126841174,1.0
2023-12-12,-0.022463571583481768,0.00671417971121091,1.0
2023-12-13,-0.022463571583481768,0.016189442026815826,1.0
2023-12-14,-0.022463571583481768,-0.03580273830281122,1.0
2023-12-15,-0.023010744754582244,-0.00133247571072026,1.0
2023-12-18,-0.023010744754582244,0.008794527514583983,1.0
2023-12-19,-0.023010744754582244,0.0011557781590640914,1.0
2023-12-20,-0.023010744754582244,-0.017982469679989954,1.0
2023-12-21,-0.022463571583481768,-0.005728746086956171,1.0
2023-12-22,-0.022463571583481768,0.009083340982628307,1.0
2023-12-26,-0.022463571583481768,0.002842542973730211,1.0
2023-12-27,-0.022463571583481768,-0.002005665590244732,1.0
2023-12-28,-0.022463571583481768,-0.006546383171508019,1.0
2023-12-29,-0.022463571583481768,-0.00016845703164847237,1.0
2024-01-02,-0.022463571583481768,0.018523694010673886,1.0
2024-01-03,-0.022463571583481768,-0.0004961346206320272,1.0
2024-01-04,-0.022463571583481768,-0.014664503164182996,1.0
2024-01-05,-0.022463571583481768,-0.028434675584974478,1.0
2024-01-08,-0.022463571583481768,0.01099288597044179,1.0
2024-01-09,-0.022463571583481768,-0.011165649355471707,1.0
2024-01-10,-0.022463571583481768,0.001035935403624677,1.0
2024-01-11,-0.022463571583481768,0.0031013171366156556,1.0
2024-01-12,-0.022463571583481768,0.006686683886414357,1.0
2024-01-16,-0.022463571583481768,0.01053892012960933,1.0
2024-01-17,-0.022463571583481768,0.017764860884310174,1.0
2024-01-18,-0.022463571583481768,0.013693161566525447,1.0
2024-01-19,-0.021747593955223025,0.009945473995326637,1.0
2024-01-22,-0.021747593955223025,0.007273947284288873,1.0
2024-01-23,-0.021747593955223025,0.0,1.0
2024-01-24,-0.021747593955223025,-0.020666270602798242,1.0
2024-01-25,-0.021747593955223025,-0.024129646939771376,1.0
2024-01-26,-0.022463571583481768,0.014713542079004327,1.0
2024-01-29,-0.022463571583481768,0.007276344849037386,1.0
2024-01-30,-0.022463571583481768,-0.009436370101415292,1.0
2024-01-31,-0.022463571583481768,-0.002831652918600547,1.0
2024-02-01,-0.022463571583481768,0.02128970399771113,1.0
2024-02-02,-0.022463571583481768,-0.016298025826732676,1.0
2024-02-05,-0.022463571583481768,-0.015218954936671025,1.0
2024-02-06,-0.022463571583481768,-0.013061002542847255,1.0
2024-02-07,-0.022463571583481768,0.0,1.0
2024-02-08,-0.021747593955223025,0.026119932227140374,0.0
2024-02-09,-0.021747593955223025,0.03962367759726071,0.0
2024-02-12,-0.021355252404265744,-0.013682281438997634,1.0
2024-02-13,-0.021355252404265744,-0.019805853409986973,1.0
2024-02-14,-0.021355252404265744,-0.000496115658044971,1.0
2024-02-15,-0.021355252404265744,-0.010140567699687963,1.0
2024-02-16,-0.021355252404265744,-0.04738758182155056,1.0
2024-02-20,-0.021747593955223025,-0.030235287657541576,1.0
2024-02-21,-0.022463571583481768,0.00090243190748307,1.0
2024-02-22,-0.022463571583481768,0.008264493423700614,1.0
2024-02-23,-0.022463571583481768,0.02752955521380418,0.0
2024-02-26,-0.022463571583481768,0.015030064892797235,1.0
2024-02-27,-0.022463571583481768,-0.011381392903705212,1.0
2024-02-28,-0.022463571583481768,0.014292138587662429,1.0
2024-02-29,-0.022463571583481768,0.021313362660040802,1.0
2024-03-01,-0.022463571583481768,0.022669936570937743,0.0
2024-03-04,-0.022463571583481768,0.012519478506835213,1.0
2024-03-05,-0.022463571583481768,-0.002912628392381933,1.0
2024-03-06,-0.022463571583481768,-0.0168318179874154,1.0
2024-03-07,-0.022463571583481768,0.001317490593439885,1.0
2024-03-08,-0.022463571583481768,0.006888693607884022,1.0
2024-03-11,-0.022463571583481768,0.0011435057139168592,1.0
2024-03-12,-0.022463571583481768,0.00926308234261164,1.0
2024-03-13,-0.021747593955223025,0.0016162679427260684,1.0
2024-03-14,-0.021747593955223025,-0.010879350285337708,1.0
2024-03-15,-0.021747593955223025,-0.002615660265405495,1.0
2024-03-18,-0.021747593955223025,0.0071766517538138785,1.0
2024-03-19,-0.021747593955223025,0.011473065924544557,1.0
2024-03-20,-0.021355252404265744,0.021929962694223093,0.0
2024-03-21,-0.021355252404265744,-0.004410826012490432,1.0
2024-03-22,-0.021355252404265744,0.00535350280893887,1.0
2024-03-25,-0.020937316621346385,0.005949559741306842,1.0
2024-03-26,-0.020937316621346385,-0.012566914725095302,1.0
2024-03-27,-0.020937316621346385,0.0006321257527019952,1.0
2024-03-28,-0.020937316621346385,-0.003957266786992264,1.0
2024-04-01,-0.020937316621346385,-0.0007933239188497865,1.0
2024-04-02,-0.020937316621346385,-0.02182372584149217,1.0
2024-04-03,-0.021355252404265744,0.0025923515683059506,1.0
2024-04-04,-0.021355252404265744,-0.011555162958915233,1.0
2024-04-05,-0.021355252404265744,0.008800593145813274,1.0
2024-04-08,-0.021355252404265744,-0.004064715711972866,1.0
2024-04-09,-0.021355252404265744,-0.011305149373470158,1.0
2024-04-10,-0.021355252404265744,-0.010934500290934679,1.0
2024-04-11,-0.021355252404265744,0.0004996684916358518,1.0
2024-04-12,-0.021355252404265744,-0.015605657523917849,1.0
2024-04-15,-0.020937316621346385,-0.012251322456725333,1.0
2024-04-16,-0.020937316621346385,-0.007388989841549787,1.0
2024-04-17,-0.020937316621346385,-0.00709652221154311,1.0
2024-04-18,-0.020937316621346385,-0.005399323029875447,1.0
2024-04-19,-0.020937316621346385,-0.012830821263591474,1.0
2024-04-22,-0.020937316621346385,0.02739418850158959,0.0
2024-04-23,-0.020937316621346385,0.001719730251427798,1.0
2024-04-24,-0.020937316621346385,0.0828934969845454,0.0
2024-04-25,-0.020937316621346385,0.04831560968896387,0.0
2024-04-26,-0.020937316621346385,0.010791489731762915,1.0
2024-04-29,-0.020937316621346385,0.013180485066397019,1.0
2024-04-30,-0.020937316621346385,-0.018112152037627283,1.0
2024-05-01,-0.020937316621346385,-0.006010559499563861,1.0
2024-05-02,-0.020937316621346385,0.02911239522286202,0.0
2024-05-03,-0.020508787310554652,0.02186436430233929,0.0
2024-05-06,-0.020508787310554652,0.02321734247752172,0.0
2024-05-07,-0.020508787310554652,0.009054899609323819,1.0
2024-05-08,-0.020508787310554652,0.009110996835417495,1.0
2024-05-09,-0.020508787310554652,-0.017746186331027758,1.0
2024-05-10,-0.020508787310554652,-0.0037838549077076067,1.0
2024-05-13,-0.020508787310554652,-0.0077525661966904025,1.0
2024-05-14,-0.020508787310554652,0.015445385875652917,1.0
2024-05-15,-0.020508787310554652,-0.0009758096257828086,1.0
2024-05-16,-0.020508787310554652,-0.01645257113018861,1.0
2024-05-17,-0.020508787310554652,-0.004547395923200526,1.0
2024-05-20,-0.020508787310554652,-0.0022814216408777455,1.0
2024-05-21,-0.020508787310554652,-0.00500904236614641,1.0
2024-05-22,-0.020508787310554652,-0.0011483521479496162,1.0
2024-05-23,-0.020508787310554652,0.025945939829738585,0.0
2024-05-24,-0.020508787310554652,-0.007586342703705284,1.0
2024-05-28,-0.020508787310554652,-0.002258982437027157,1.0
2024-05-29,-0.02006419118037092,-0.02186268068102759,1.0
2024-05-30,-0.020508787310554652,0.004468440712111388,1.0
2024-05-31,-0.020508787310554652,-0.01259145518801752,1.0
2024-06-03,-0.020508787310554652,0.0008734540730195306,1.0
2024-06-04,-0.020508787310554652,-0.0011648491517943782,1.0
2024-06-05,-0.020508787310554652,0.01302669345755536,1.0
2024-06-06,-0.020508787310554652,-0.009536319500603518,1.0
2024-06-07,-0.020508787310554652,-0.010801416969086652,1.0
2024-06-10,-0.020508787310554652,-0.001027820298907578,1.0
2024-06-11,-0.020508787310554652,-0.0168892813044188,1.0
2024-06-12,-0.020508787310554652,0.021579304513254627,0.0
2024-06-13,-0.020508787310554652,-0.0071905491483379436,1.0
2024-06-14,-0.020508787310554652,-0.0028021910608417855,1.0
2024-06-17,-0.020508787310554652,0.020176083519538146,1.0
2024-06-18,-0.02006419118037092,0.005629040192219215,1.0
2024-06-20,-0.02006419118037092,-0.0014403877339246307,1.0
2024-06-21,-0.02006419118037092,0.004314734969837808,1.0
2024-06-24,-0.018874317655189123,0.00443900725558688,1.0
2024-06-25,-0.018874317655189123,-0.020059831690803165,1.0
2024-06-26,-0.018874317655189123,-0.00014581436877936227,1.0
2024-06-27,-0.018874317655189123,0.008131382057056769,1.0
2024-06-28,-0.018874317655189123,0.01933462964123933,0.0
2024-07-01,-0.018874317655189123,-0.021796053644211888,1.0
2024-07-02,-0.019920143636354255,-0.0031944445914389163,1.0
2024-07-03,-0.019920143636354255,0.0004361872643681153,1.0
2024-07-05,-0.019920143636354255,-0.008907127661152536,1.0
2024-07-08,-0.019920143636354255,-0.008987178138143648,1.0
2024-07-09,-0.018874317655189123,-0.018371114730870275,1.0
2024-07-10,-0.01901674713647277,-0.001961483207648662,1.0
2024-07-11,-0.01901674713647277,0.01959230546095725,0.0
2024-07-12,-0.01901674713647277,0.015577173164234459,1.0
2024-07-15,-0.01901674713647277,0.023489764254997603,0.0
2024-07-16,-0.01901674713647277,0.028503141548118727,0.0
2024-07-17,-0.01901674713647277,-0.014220184547909298,1.0
2024-07-18,-0.01901674713647277,-0.0018270665618400628,1.0
2024-07-19,-0.01901674713647277,-0.014737312079247111,1.0
2024-07-22,-0.01901674713647277,0.008245628185489018,1.0
2024-07-23,-0.018228685249586627,-0.01038927346470686,1.0
2024-07-24,-0.018228685249586627,0.014486784318194168,1.0
2024-07-25,-0.018228685249586627,0.01107773973998949,1.0
2024-07-26,-0.018228685249586627,0.022748641140757364,0.0
2024-07-29,-0.018228685249586627,0.01353933479314584,1.0
2024-07-30,-0.018228685249586627,0.022472887772303274,0.0
2024-07-31,-0.018228685249586627,-0.0009208668923248453,1.0
2024-08-01,-0.018228685249586627,-0.02141752029475885,1.0
2024-08-02,-0.01901674713647277,-0.014901469290589553,1.0
2024-08-05,-0.01901674713647277,-0.028517957218626933,1.0
2024-08-06,-0.019920143636354255,0.0029446713911509548,1.0
2024-08-07,-0.019920143636354255,0.08851543595618683,0.0
2024-08-08,-0.019920143636354255,0.03451221540791849,0.0
2024-08-09,-0.019920143636354255,0.01499169466075223,1.0
2024-08-12,-0.019920143636354255,-0.02719906775891623,1.0
2024-08-13,-0.020332729201200942,0.03170169477596385,0.0
2024-08-14,-0.020332729201200942,0.0015771584054329324,1.0
2024-08-15,-0.020332729201200942,-0.005713968940117553,1.0
2024-08-16,-0.020332729201200942,0.006198769777889801,1.0
2024-08-19,-0.020332729201200942,0.014913059278927498,1.0
2024-08-20,-0.020332729201200942,-0.04392555087728667,1.0
2024-08-21,-0.021004332964180507,-0.0031232457860079776,1.0
2024-08-22,-0.021004332964180507,-0.001502568730861853,1.0
2024-08-23,-0.021004332964180507,0.021324805036863737,0.0
2024-08-26,-0.021004332964180507,-0.0009817649550178942,1.0
2024-08-27,-0.021004332964180507,0.006730679773130355,1.0
2024-08-28,-0.021004332964180507,-0.003176089951823613,1.0
2024-08-29,-0.021004332964180507,0.002077836888529916,1.0
2024-08-30,-0.021004332964180507,0.005357962376273839,1.0
2024-09-03,-0.021004332964180507,-0.01987058069825931,1.0
2024-09-04,-0.021004332964180507,-0.0007435563210149709,1.0
2024-09-05,-0.021004332964180507,0.007780184173942217,1.0
2024-09-06,-0.020332729201200942,-0.02239181831014836,1.0
2024-09-09,-0.021004332964180507,-0.016361592184588325,1.0
2024-09-10,-0.021004332964180507,-0.0015356429703841101,1.0
2024-09-11,-0.021004332964180507,-0.0048787474584059964,1.0
2024-09-12,-0.021004332964180507,0.03961662913727082,0.0
2024-09-13,-0.021004332964180507,0.020447676772106682,1.0
2024-09-16,-0.021004332964180507,0.004715556540692667,1.0
2024-09-17,-0.021004332964180507,-0.011037817994191457,1.0
2024-09-18,-0.021004332964180507,-0.0008541236138617236,1.0
2024-09-19,-0.021004332964180507,0.028757314037634707,0.0
2024-09-20,-0.021004332964180507,0.008503668064464343,1.0
2024-09-23,-0.021004332964180507,-0.0031803624381714357,1.0
2024-09-24,-0.021004332964180507,0.004238299257126599,1.0
2024-09-25,-0.021004332964180507,-0.005300731832103445,1.0
2024-09-26,-0.021004332964180507,-0.01032828212321224,1.0
2024-09-27,-0.021004332964180507,0.0017883032662666665,1.0
2024-09-30,-0.021004332964180507,0.016070305131087537,1.0
2024-10-01,-0.021004332964180507,-0.017262182231052137,1.0
2024-10-02,-0.021004332964180507,0.0019063947335471454,1.0
2024-10-03,-0.021004332964180507,-0.023363326881904456,1.0
2024-10-04,-0.021587860302012714,-0.023423180707927926,1.0
2024-10-07,-0.021808506132988015,-0.02385723028139708,1.0
2024-10-08,-0.02184125551928311,-0.016227042132271663,1.0
2024-10-09,-0.02184125551928311,-0.02791117390615394,1.0
2024-10-10,-0.02210079261413193,-0.021320492086128517,1.0
2024-10-11,-0.02210079261413193,-0.02164556416952923,1.0
2024-10-14,-0.02210079261413193,-0.005870832679593541,1.0
2024-10-15,-0.02210079261413193,-0.010428582431343258,1.0
2024-10-16,-0.02210079261413193,-0.0973805371041001,1.0
2024-10-17,-0.02282899716743859,0.024982065422576305,0.0
2024-10-18,-0.02282899716743859,-0.017514766619612487,1.0
2024-10-21,-0.02282899716743859,0.001548801672284661,1.0
2024-10-22,-0.02282899716743859,-0.0020138630026442783,1.0
2024-10-23,-0.02282899716743859,0.33007209546848415,0.0
2024-10-24,-0.02282899716743859,0.028786900250387326,0.0
2024-10-25,-0.02282899716743859,-0.01176614315356872,1.0
2024-10-28,-0.02282899716743859,-0.0026335784008555407,1.0
2024-10-29,-0.02282899716743859,0.00065902416698016,1.0
2024-10-30,-0.02282899716743859,0.03241074451100001,0.0
2024-10-31,-0.02282899716743859,-0.008433473223982801,1.0
2024-11-01,-0.02282899716743859,0.0009644143961997642,1.0
2024-11-04,-0.02282899716743859,-0.00311076580601366,1.0
2024-11-05,-0.02282899716743859,0.01799350995427318,1.0
2024-11-06,-0.02282899716743859,0.04830267602141003,0.0
2024-11-07,-0.02282899716743859,-0.005747428971737634,1.0
2024-11-08,-0.02282899716743859,0.029787508042390165,0.0
2024-11-11,-0.02282899716743859,0.009864827303376345,1.0
2024-11-12,-0.02282899716743859,-0.005848525036413754,1.0
2024-11-13,-0.02282899716743859,-0.0181518645391483,1.0
2024-11-14,-0.02282899716743859,-0.008297085664352721,1.0
2024-11-15,-0.02282899716743859,0.007101795972116243,1.0
2024-11-18,-0.02282899716743859,0.012086546890326844,1.0
2024-11-19,-0.02282899716743859,0.0010826299636965686,1.0
2024-11-20,-0.02282899716743859,0.011151434665558568,1.0
2024-11-21,-0.02282899716743859,0.005916321902952326,1.0
2024-11-22,-0.02282899716743859,0.0052082803357054175,1.0
2024-11-25,-0.02282899716743859,0.02018926569417978,1.0
2024-11-26,-0.02282899716743859,0.02218995849285399,1.0
2024-11-27,-0.02282899716743859,-0.013086604200064578,1.0
2024-11-29,-0.02282899716743859,-0.0015894366960305106,1.0
2024-12-02,-0.02282899716743859,0.001122183946857369,1.0
2024-12-03,-0.02282899716743859,0.028108592192446658,0.0
2024-12-04,-0.02282899716743859,0.006792581419884591,1.0
2024-12-05,-0.02282899716743859,-0.0022590711087753235,1.0
2024-12-06,-0.02282899716743859,-0.0009050455193024831,1.0
2024-12-09,-0.02282899716743859,-0.023360225262047507,1.0
2024-12-10,-0.023361620990983135,-0.015505597513544522,1.0
2024-12-11,-0.023361620990983135,0.0,1.0
2024-12-12,-0.023361620990983135,0.011046735312094214,1.0
2024-12-13,-0.023361620990983135,-0.011140895218164637,1.0
2024-12-16,-0.023361620990983135,0.025284867879618034,0.0
2024-12-17,-0.022827601438502966,-0.01237666081943356,1.0
2024-12-18,-0.022827601438502966,-0.021702176982692833,1.0
2024-12-19,-0.022827601438502966,0.007475087134665159,1.0
2024-12-20,-0.022827601438502966,-0.008235199580333585,1.0
2024-12-23,-0.022827601438502966,-0.004190904794400652,1.0
2024-12-24,-0.022827601438502966,0.006753953986502914,1.0
2024-12-26,-0.022827601438502966,0.00018955960572686337,1.0
2024-12-27,-0.022827601438502966,-0.0050363462393479,1.0
2024-12-30,-0.022827601438502966,0.004657118744274769,1.0
2024-12-31,-0.022827601438502966,-0.014614126884358924,1.0
2025-01-02,-0.022827601438502966,0.022923875101761304,0.0
2025-01-03,-0.022827601438502966,0.007494911117597702,1.0
2025-01-06,-0.022827601438502966,-0.0053343413868018885,1.0
2025-01-07,-0.022827601438502966,0.006080766415177408,1.0
2025-01-08,-0.02210079261413193,0.01664851105980425,1.0
2025-01-10,-0.02210079261413193,0.019169341638289872,1.0
2025-01-13,-0.02210079261413193,-0.014776113225962284,1.0
2025-01-14,-0.02210079261413193,-0.002102696395358983,1.0
2025-01-15,-0.02210079261413193,0.01894634920579996,1.0
2025-01-16,-0.02210079261413193,0.01417701382835368,1.0
2025-01-17,-0.02210079261413193,0.010655789351973866,1.0
2025-01-21,-0.02210079261413193,0.02063356432351071,1.0
2025-01-22,-0.02210079261413193,0.008118635826414256,1.0
2025-01-23,-0.02210079261413193,0.013190393169875136,1.0
2025-01-24,-0.02210079261413193,0.002768061166325886,1.0
2025-01-27,-0.02210079261413193,-0.003944724486642848,1.0
2025-01-28,-0.02210079261413193,0.014443963953558736,1.0
2025-01-29,-0.02184125551928311,0.058203245102197876,0.0
2025-01-30,-0.02184125551928311,0.04779537101501674,0.0
2025-01-31,-0.02184125551928311,0.005724202651387067,1.0
2025-02-03,-0.02184125551928311,0.02025318560381706,1.0
2025-02-04,-0.02184125551928311,-0.007876366633379206,1.0
2025-02-05,-0.02184125551928311,0.014248507193473259,1.0
2025-02-06,-0.02184125551928311,0.005327242562672474,1.0
2025-02-07,-0.02184125551928311,0.021310651805119818,1.0
2025-02-10,-0.02184125551928311,-0.010953807851471709,1.0
2025-02-11,-0.02184125551928311,-0.01258503936677613,1.0
2025-02-12,-0.02184125551928311,0.010735860250528972,1.0
2025-02-13,-0.02184125551928311,-0.008076988212804004,1.0
2025-02-14,-0.02184125551928311,0.006152989513167562,1.0
2025-02-18,-0.02184125551928311,0.013742530271416697,1.0
2025-02-19,-0.02184125551928311,-0.001267108032360298,1.0
2025-02-20,-0.02184125551928311,-0.02179116925387259,1.0
2025-02-21,-0.021808506132988015,-0.03412492217913332,1.0
2025-02-24,-0.021808506132988015,-0.0012671773960866162,1.0
2025-02-25,-0.021808506132988015,-0.008614676532500809,1.0
2025-02-26,-0.021808506132988015,0.013970532229566679,1.0
2025-02-27,-0.021808506132988015,-0.004312174505542998,1.0
2025-02-28,-0.021808506132988015,0.0191142400618185,1.0
2025-03-03,-0.021808506132988015,0.01911439122379477,1.0
2025-03-04,-0.021808506132988015,0.008569010876636085,1.0
2025-03-05,-0.021808506132988015,0.0015630640532489082,1.0
2025-03-06,-0.021808506132988015,-0.05621505344190414,1.0
2025-03-07,-0.02184125551928311,-0.07758005471527607,1.0
2025-03-10,-0.02210079261413193,-0.02041471034352682,1.0
2025-03-11,-0.02210079261413193,-0.009905624094732168,1.0
2025-03-12,-0.02210079261413193,0.004090650312408073,1.0
2025-03-13,-0.02210079261413193,-0.013757447099156828,1.0
2025-03-14,-0.02210079261413193,0.024612238065476966,0.0
2025-03-17,-0.02210079261413193,0.0048506197414601715,1.0
2025-03-18,-0.02210079261413193,-0.014373267797462397,1.0
2025-03-19,-0.02210079261413193,0.009769909470509042,1.0
2025-03-20,-0.02210079261413193,0.011550372309055312,1.0
2025-03-21,-0.02210079261413193,-0.00670101144388191,1.0
2025-03-24,-0.02210079261413193,0.02765598932649027,0.0
2025-03-25,-0.02210079261413193,0.013861059417755506,1.0
2025-03-26,-0.02210079261413193,-0.005837803527593444,1.0
2025-03-27,-0.02210079261413193,0.017023342608931458,1.0
2025-03-28,-0.02210079261413193,-0.018527776513657557,1.0
2025-03-31,-0.02210079261413193,0.0023743822423787364,1.0
2025-04-01,-0.02210079261413193,0.020499858537981197,1.0
2025-04-02,-0.02210079261413193,0.01605697758093516,1.0
2025-04-03,-0.02210079261413193,-0.005272639827224701,1.0
2025-04-04,-0.02210079261413193,-0.04313275326831789,1.0
2025-04-07,-0.022827601438502966,0.01113687028660948,1.0
2025-04-08,-0.022827601438502966,-0.015626617185916736,1.0
2025-04-09,-0.022827601438502966,0.07169445699084243,0.0
2025-04-10,-0.022827601438502966,0.00029919641680375975,1.0
2025-04-11,-0.022827601438502966,0.007894563418071598,1.0
2025-04-14,-0.022827601438502966,-7.425917701375795e-05,1.0
2025-04-15,-0.022827601438502966,0.020705639772216955,1.0
2025-04-16,-0.022827601438502966,-0.01574715836233942,1.0
2025-04-17,-0.022827601438502966,0.002948504905436522,1.0
2025-04-21,-0.022827601438502966,-0.021200676189335965,1.0
2025-04-22,-0.022827601438502966,0.03639455363586652,0.0
2025-04-23,-0.022827601438502966,0.015680337779732767,1.0
2025-04-24,-0.022827601438502966,-0.0037896351920112537,1.0
2025-04-25,-0.022827601438502966,0.00997947654873066,1.0
2025-04-28,-0.022827601438502966,-0.0009225111883415238,1.0
2025-04-29,-0.022827601438502966,0.012206859960934402,1.0
2025-04-30,-0.022827601438502966,-0.0023872806047950945,1.0
2025-05-01,-0.022827601438502966,0.05770501237546011,0.0
2025-05-02,-0.022827601438502966,0.05706628646963363,0.0
2025-05-05,-0.022827601438502966,0.007306356250361468,1.0
2025-05-06,-0.022827601438502966,-0.015993335702995992,1.0
2025-05-07,-0.022827601438502966,0.004164066976557912,1.0
2025-05-08,-0.022827601438502966,-0.013628997324182102,1.0
2025-05-09,-0.022827601438502966,-0.001085591446711831,1.0
2025-05-12,-0.022827601438502966,-0.04716214561897836,1.0
2025-05-13,-0.023361620990983135,0.029305174665620548,0.0
2025-05-14,-0.023361620990983135,0.0012350063892867524,1.0
2025-05-15,-0.023361620990983135,-0.0009749043744413655,1.0
2025-05-16,-0.023361620990983135,0.004671094671749643,1.0
2025-05-19,-0.023361620990983135,0.015733167506021495,1.0
2025-05-20,-0.023361620990983135,0.003244236551055657,1.0
2025-05-21,-0.023361620990983135,-0.01008498860019369,1.0
2025-05-22,-0.023361620990983135,-0.009604647094159091,1.0
2025-05-23,-0.023361620990983135,-0.009043943308089553,1.0
2025-05-27,-0.023361620990983135,0.002545772388499401,1.0
2025-05-28,-0.023361620990983135,-0.011144713082646085,1.0
2025-05-29,-0.023361620990983135,-0.019168672662527086,1.0
2025-05-30,-0.023361620990983135,0.0171889765563753,1.0
2025-06-02,-0.023361620990983135,0.04482218948600547,0.0
2025-06-03,-0.023361620990983135,-0.10498863731112884,1.0
2025-06-04,-0.02339026110361502,0.0076173283416931525,1.0
2025-06-05,-0.02339026110361502,0.007283374513641583,1.0
2025-06-06,-0.02339026110361502,0.005307641260151819,1.0
2025-06-09,-0.02339026110361502,-0.029582214150317476,1.0
2025-06-10,-0.02361850301598904,-0.010463854696974195,1.0
2025-06-11,-0.02361850301598904,0.018152647504810382,1.0
2025-06-12,-0.02361850301598904,-0.0024623844676465723,1.0
2025-06-13,-0.02361850301598904,0.00904598052247696,1.0
2025-06-16,-0.02361850301598904,0.003136416253123997,1.0
2025-06-17,-0.02361850301598904,0.005551735704513838,1.0
2025-06-18,-0.02361850301598904,0.002626339725130933,1.0
2025-06-20,-0.02361850301598904,0.006809933346777264,1.0
2025-06-23,-0.02361850301598904,0.008328838809790184,1.0
2025-06-24,-0.02361850301598904,-0.01741912985970462,1.0
2025-06-25,-0.02361850301598904,-0.021467155435539453,1.0
2025-06-26,-0.02361850301598904,0.009076639587668467,1.0
2025-06-27,-0.02361850301598904,0.01976548170876047,1.0
2025-06-30,-0.02361850301598904,-0.0029572091245233523,1.0
2025-07-01,-0.02361850301598904,-0.025390213193364097,1.0
2025-07-02,-0.02454707259178222,-0.02815680482354832,1.0
2025-07-03,-0.026204197747862534,0.007095902498776674,1.0
2025-07-07,-0.026204197747862534,-0.00274550329786738,1.0
2025-07-08,-0.026204197747862534,-0.014575392720409752,1.0
2025-07-09,-0.026204197747862534,0.0004403490610149774,1.0
2025-07-10,-0.026204197747862534,-0.002645119943334606,1.0
2025-07-11,-0.026204197747862534,-0.010576576212252498,1.0
2025-07-14,-0.026204197747862534,0.003784890758567805,1.0
2025-07-15,-0.026204197747862534,-0.003784890758567805,1.0
2025-07-16,-0.026204197747862534,-0.010314029035616734,1.0
2025-07-17,-0.026204197747862534,-0.0027081985221970584,1.0
2025-07-18,-0.026204197747862534,0.0038344057909398543,1.0
2025-07-21,-0.026204197747862534,-0.00579485357198628,1.0
2025-07-22,-0.026204197747862534,-0.020974722216305253,1.0
2025-07-23,-0.026204197747862534,0.007525150325300878,1.0
2025-07-24,-0.026204197747862534,-0.011618600754975006,1.0
2025-07-25,-0.026204197747862534,0.005633784546081877,1.0
2025-07-28,-0.026204197747862534,-0.011766696133531873,1.0
2025-07-29,-0.026204197747862534,0.0010895743312815398,1.0
2025-07-30,-0.026204197747862534,0.004578769843872621,1.0
2025-07-31,-0.026204197747862534,-0.007148979130433553,1.0
2025-08-01,-0.026204197747862534,0.008000344185441044,1.0
2025-08-04,-0.026204197747862534,0.008090371083708803,1.0
2025-08-05,-0.026204197747862534,-0.016090715269149847,1.0
2025-08-06,-0.026204197747862534,0.1455466580464453,0.0
2025-08-07,-0.026204197747862534,-0.02921166848279455,1.0
2025-08-08,-0.026204197747862534,0.036801385594078084,0.0
2025-08-11,-0.026204197747862534,0.006535942711158427,1.0
2025-08-12,-0.026204197747862534,0.04516548311127977,0.0
2025-08-13,-0.026204197747862534,0.006144517396650784,1.0
2025-08-14,-0.026204197747862534,-0.00805257016247296,1.0
2025-08-15,-0.02454707259178222,0.019605384587444874,1.0
2025-08-18,-0.02454707259178222,0.015117086010331349,1.0
2025-08-19,-0.02454707259178222,0.00606892427874417,1.0
2025-08-20,-0.02454707259178222,-0.001773930967342352,1.0
2025-08-21,-0.02454707259178222,0.026821313972672733,0.0
2025-08-22,-0.02454707259178222,-0.015618783801368608,1.0
2025-08-25,-0.02361850301598904,0.007238958875414703,1.0
2025-08-26,-0.02361850301598904,0.020348145463202627,1.0
2025-08-27,-0.02361850301598904,0.000117810795190465,1.0
2025-08-28,-0.02361850301598904,-0.024742633304632555,1.0
2025-08-29,-0.024255661641853034,-0.015022336172938466,1.0
2025-09-02,-0.024255661641853034,-0.008863247722346479,1.0
2025-09-03,-0.024255661641853034,-0.012254071967014113,1.0
2025-09-04,-0.024255661641853034,0.01527889284708106,1.0
2025-09-05,-0.024255661641853034,-0.009350842261629744,1.0
2025-09-08,-0.024255661641853034,0.022698206588092518,1.0
2025-09-09,-0.024255661641853034,0.010226104589827756,1.0
2025-09-10,-0.024255661641853034,-0.049928588845311594,1.0
2025-09-11,-0.02503404425456174,0.01917951301855947,1.0
2025-09-12,-0.02503404425456174,-0.017030221258482747,1.0
2025-09-15,-0.02503404425456174,-0.12494429957059694,1.0
2025-09-16,-0.0265246455141195,-0.0032249783283919697,1.0
2025-09-17,-0.0265246455141195,-0.005542604060265077,1.0
2025-09-18,-0.0265246455141195,0.016678400477502464,1.0
2025-09-19,-0.0265246455141195,0.005945318603908234,1.0
2025-09-22,-0.0265246455141195,0.01651658019700797,1.0
2025-09-23,-0.0265246455141195,-0.012502404910626375,1.0
2025-09-24,-0.0265246455141195,0.0162435293467027,1.0
2025-09-25,-0.0265246455141195,0.02053319683642485,1.0
2025-09-26,-0.0265246455141195,0.005068092051581097,1.0
2025-09-29,-0.0265246455141195,0.010793525497857281,1.0
2025-09-30,-0.0265246455141195,-0.0068917255588596404,1.0
2025-10-01,-0.0265246455141195,-0.03005646665964612,1.0
2025-10-02,-0.02802170781898141,0.004900494352692242,1.0
2025-10-03,-0.02802170781898141,-0.011634535094190213,1.0
2025-10-06,-0.02802170781898141,-0.020478557732431568,1.0
2025-10-07,-0.02802170781898141,-0.0046320689314978125,1.0
2025-10-08,-0.02802170781898141,0.0339182308462469,0.0
2025-10-09,-0.02802170781898141,-0.00020715242825986024,1.0
2025-10-10,-0.02802170781898141,-0.0015896310448484385,1.0
2025-10-13,-0.02802170781898141,0.0029009424291617236,1.0
2025-10-14,-0.026635179426946966,0.009677747424925442,1.0
2025-10-15,-0.026635179426946966,-0.0010250737245636188,1.0
2025-10-16,-0.026635179426946966,-0.03882973056915695,1.0
2025-10-17,-0.028631493470209112,0.029901078770989464,0.0
2025-10-20,-0.028631493470209112,0.004405592617858112,1.0
2025-10-21,-0.026635179426946966,0.04525480523726877,0.0
2025-10-22,-0.026635179426946966,0.001180899480780262,1.0
2025-10-23,-0.026635179426946966,-0.0037444095064040894,1.0
2025-10-24,-0.026635179426946966,0.0011182251929167109,1.0
2025-10-27,-0.026635179426946966,0.0034782563651232223,1.0
2025-10-28,-0.026635179426946966,0.0058137760185568155,1.0
